<?xml version="1.0" encoding="UTF-8" standalone="no"?>
<document type="com.apple.InterfaceBuilder3.CocoaTouch.Storyboard.XIB" version="3.0" toolsVersion="11762" systemVersion="15G31" targetRuntime="iOS.CocoaTouch" propertyAccessControl="none" useAutolayout="YES" useTraitCollections="YES" colorMatched="YES" initialViewController="BYZ-38-t0r">
    <device id="retina4_7" orientation="portrait">
        <adaptation id="fullscreen"/>
    </device>
    <dependencies>
        <deployment identifier="iOS"/>
        <plugIn identifier="com.apple.InterfaceBuilder.IBCocoaTouchPlugin" version="11757"/>
        <capability name="documents saved in the Xcode 8 format" minToolsVersion="8.0"/>
    </dependencies>
    <scenes>
        <!--View Controller-->
        <scene sceneID="tne-QT-ifu">
            <objects>
                <viewController id="BYZ-38-t0r" customClass="ViewController" customModule="collectionviewdemo" customModuleProvider="target" sceneMemberID="viewController">
                    <layoutGuides>
                        <viewControllerLayoutGuide type="top" id="y3c-jy-aDJ"/>
                        <viewControllerLayoutGuide type="bottom" id="wfy-db-euE"/>
                    </layoutGuides>
                    <view key="view" contentMode="scaleToFill" id="8bC-Xf-vdC">
                        <rect key="frame" x="0.0" y="0.0" width="375" height="667"/>
                        <autoresizingMask key="autoresizingMask" widthSizable="YES" heightSizable="YES"/>
                        <subviews>
                            <collectionView clipsSubviews="YES" multipleTouchEnabled="YES" contentMode="scaleToFill" fixedFrame="YES" dataMode="prototypes" translatesAutoresizingMaskIntoConstraints="NO" id="g9Y-W3-IFw">
                                <rect key="frame" x="0.0" y="20" width="375" height="353"/>
                                <autoresizingMask key="autoresizingMask" flexibleMaxX="YES" flexibleMaxY="YES"/>
                                <color key="backgroundColor" white="1" alpha="1" colorSpace="calibratedWhite"/>
                                <collectionViewFlowLayout key="collectionViewLayout" scrollDirection="horizontal" minimumLineSpacing="10" minimumInteritemSpacing="10" id="rxl-pE-gyK">
                                    <size key="itemSize" width="206" height="201"/>
                                    <size key="headerReferenceSize" width="0.0" height="0.0"/>
                                    <size key="footerReferenceSize" width="0.0" height="0.0"/>
                                    <inset key="sectionInset" minX="0.0" minY="0.0" maxX="0.0" maxY="0.0"/>
                                </collectionViewFlowLayout>
                                <cells>
                                    <collectionViewCell opaque="NO" clipsSubviews="YES" multipleTouchEnabled="YES" contentMode="center" reuseIdentifier="cell" id="Jhq-dQ-Gnp" customClass="custcell" customModule="collectionviewdemo" customModuleProvider="target">
                                        <rect key="frame" x="0.0" y="76" width="206" height="201"/>
                                        <autoresizingMask key="autoresizingMask" flexibleMaxX="YES" flexibleMaxY="YES"/>
                                        <view key="contentView" opaque="NO" clipsSubviews="YES" multipleTouchEnabled="YES" contentMode="center">
                                            <rect key="frame" x="0.0" y="0.0" width="206" height="201"/>
                                            <autoresizingMask key="autoresizingMask"/>
                                            <subviews>
                                                <imageView userInteractionEnabled="NO" contentMode="scaleToFill" horizontalHuggingPriority="251" verticalHuggingPriority="251" fixedFrame="YES" translatesAutoresizingMaskIntoConstraints="NO" id="dTA-oO-NAz">
                                                    <rect key="frame" x="16" y="25" width="170" height="151"/>
                                                    <autoresizingMask key="autoresizingMask" flexibleMaxX="YES" flexibleMaxY="YES"/>
                                                </imageView>
                                            </subviews>
                                        </view>
                                        <connections>
                                            <outlet property="img" destination="dTA-oO-NAz" id="k3d-Kh-aa7"/>
                                        </connections>
                                    </collectionViewCell>
                                </cells>
                                <connections>
                                    <outlet property="dataSource" destination="BYZ-38-t0r" id="6xz-5K-0Kh"/>
                                    <outlet property="delegate" destination="BYZ-38-t0r" id="tf4-yD-vaN"/>
                                </connections>
                            </collectionView>
                        </subviews>
                        <color key="backgroundColor" red="1" green="1" blue="1" alpha="1" colorSpace="custom" customColorSpace="sRGB"/>
                    </view>
                </viewController>
                <placeholder placeholderIdentifier="IBFirstResponder" id="dkx-z0-nzr" sceneMemberID="firstResponder"/>
            </objects>
            <point key="canvasLocation" x="80.799999999999997" y="101.19940029985008"/>
        </scene>
    </scenes>
</document>
