<?xml version="1.0" encoding="UTF-8" standalone="no"?>
<document type="com.apple.InterfaceBuilder3.CocoaTouch.Storyboard.XIB" version="3.0" toolsVersion="11762" systemVersion="15G31" targetRuntime="iOS.CocoaTouch" propertyAccessControl="none" useAutolayout="YES" useTraitCollections="YES" colorMatched="YES" initialViewController="MeZ-zG-BRI">
    <device id="retina4_7" orientation="portrait">
        <adaptation id="fullscreen"/>
    </device>
    <dependencies>
        <deployment identifier="iOS"/>
        <plugIn identifier="com.apple.InterfaceBuilder.IBCocoaTouchPlugin" version="11757"/>
        <capability name="documents saved in the Xcode 8 format" minToolsVersion="8.0"/>
    </dependencies>
    <scenes>
        <!--View Controller-->
        <scene sceneID="tne-QT-ifu">
            <objects>
                <viewController id="BYZ-38-t0r" customClass="ViewController" customModule="JsonDemoBackgroundMethodAllApi" customModuleProvider="target" sceneMemberID="viewController">
                    <layoutGuides>
                        <viewControllerLayoutGuide type="top" id="y3c-jy-aDJ"/>
                        <viewControllerLayoutGuide type="bottom" id="wfy-db-euE"/>
                    </layoutGuides>
                    <view key="view" contentMode="scaleToFill" id="8bC-Xf-vdC">
                        <rect key="frame" x="0.0" y="0.0" width="375" height="667"/>
                        <autoresizingMask key="autoresizingMask" widthSizable="YES" heightSizable="YES"/>
                        <subviews>
                            <button opaque="NO" contentMode="scaleToFill" fixedFrame="YES" contentHorizontalAlignment="center" contentVerticalAlignment="center" buttonType="roundedRect" lineBreakMode="middleTruncation" translatesAutoresizingMaskIntoConstraints="NO" id="Y2Z-6H-Gu8">
                                <rect key="frame" x="47" y="129" width="162" height="29"/>
                                <autoresizingMask key="autoresizingMask" flexibleMaxX="YES" flexibleMaxY="YES"/>
                                <fontDescription key="fontDescription" type="system" pointSize="17"/>
                                <state key="normal" title="Live Train Status"/>
                                <connections>
                                    <action selector="liveTrainStatusAction:" destination="BYZ-38-t0r" eventType="touchUpInside" id="1ET-gu-yYv"/>
                                </connections>
                            </button>
                        </subviews>
                        <color key="backgroundColor" red="1" green="1" blue="1" alpha="1" colorSpace="custom" customColorSpace="sRGB"/>
                    </view>
                    <navigationItem key="navigationItem" id="naj-JC-QqF"/>
                </viewController>
                <placeholder placeholderIdentifier="IBFirstResponder" id="dkx-z0-nzr" sceneMemberID="firstResponder"/>
            </objects>
            <point key="canvasLocation" x="674.39999999999998" y="-570.76461769115451"/>
        </scene>
        <!--View Live Train Status-->
        <scene sceneID="C6K-Nm-trk">
            <objects>
                <viewController storyboardIdentifier="LiveTrainStatus" id="HfK-68-eti" customClass="ViewLiveTrainStatus" customModule="JsonDemoBackgroundMethodAllApi" customModuleProvider="target" sceneMemberID="viewController">
                    <layoutGuides>
                        <viewControllerLayoutGuide type="top" id="eD1-UA-J0v"/>
                        <viewControllerLayoutGuide type="bottom" id="M1f-KU-RK9"/>
                    </layoutGuides>
                    <view key="view" contentMode="scaleToFill" id="qcP-BE-DRk">
                        <rect key="frame" x="0.0" y="0.0" width="375" height="667"/>
                        <autoresizingMask key="autoresizingMask" widthSizable="YES" heightSizable="YES"/>
                        <subviews>
                            <label opaque="NO" userInteractionEnabled="NO" contentMode="left" horizontalHuggingPriority="251" verticalHuggingPriority="251" fixedFrame="YES" text="Current St :" textAlignment="natural" lineBreakMode="tailTruncation" baselineAdjustment="alignBaselines" adjustsFontSizeToFit="NO" translatesAutoresizingMaskIntoConstraints="NO" id="hJn-sf-Ylo">
                                <rect key="frame" x="16" y="122" width="121" height="21"/>
                                <autoresizingMask key="autoresizingMask" flexibleMaxX="YES" flexibleMaxY="YES"/>
                                <fontDescription key="fontDescription" type="system" pointSize="19"/>
                                <nil key="textColor"/>
                                <nil key="highlightedColor"/>
                            </label>
                            <label opaque="NO" userInteractionEnabled="NO" contentMode="left" horizontalHuggingPriority="251" verticalHuggingPriority="251" fixedFrame="YES" text="St Name" textAlignment="natural" lineBreakMode="tailTruncation" baselineAdjustment="alignBaselines" adjustsFontSizeToFit="NO" translatesAutoresizingMaskIntoConstraints="NO" id="jvq-9I-Y6J">
                                <rect key="frame" x="145" y="122" width="214" height="21"/>
                                <autoresizingMask key="autoresizingMask" flexibleMaxX="YES" flexibleMaxY="YES"/>
                                <fontDescription key="fontDescription" type="system" pointSize="19"/>
                                <nil key="textColor"/>
                                <nil key="highlightedColor"/>
                            </label>
                            <label opaque="NO" userInteractionEnabled="NO" contentMode="left" horizontalHuggingPriority="251" verticalHuggingPriority="251" fixedFrame="YES" text="St Code :" textAlignment="natural" lineBreakMode="tailTruncation" baselineAdjustment="alignBaselines" adjustsFontSizeToFit="NO" translatesAutoresizingMaskIntoConstraints="NO" id="vH0-jl-YfV">
                                <rect key="frame" x="16" y="159" width="121" height="21"/>
                                <autoresizingMask key="autoresizingMask" flexibleMaxX="YES" flexibleMaxY="YES"/>
                                <fontDescription key="fontDescription" type="system" pointSize="19"/>
                                <nil key="textColor"/>
                                <nil key="highlightedColor"/>
                            </label>
                            <label opaque="NO" userInteractionEnabled="NO" contentMode="left" horizontalHuggingPriority="251" verticalHuggingPriority="251" fixedFrame="YES" text="St code" textAlignment="natural" lineBreakMode="tailTruncation" baselineAdjustment="alignBaselines" adjustsFontSizeToFit="NO" translatesAutoresizingMaskIntoConstraints="NO" id="qxG-zw-sty">
                                <rect key="frame" x="145" y="159" width="214" height="21"/>
                                <autoresizingMask key="autoresizingMask" flexibleMaxX="YES" flexibleMaxY="YES"/>
                                <fontDescription key="fontDescription" type="system" pointSize="19"/>
                                <nil key="textColor"/>
                                <nil key="highlightedColor"/>
                            </label>
                            <tableView clipsSubviews="YES" contentMode="scaleToFill" fixedFrame="YES" alwaysBounceVertical="YES" dataMode="prototypes" style="grouped" separatorStyle="default" rowHeight="108" sectionHeaderHeight="18" sectionFooterHeight="18" translatesAutoresizingMaskIntoConstraints="NO" id="pZv-tz-7qa">
                                <rect key="frame" x="0.0" y="188" width="375" height="479"/>
                                <autoresizingMask key="autoresizingMask" flexibleMaxX="YES" flexibleMaxY="YES"/>
                                <color key="backgroundColor" cocoaTouchSystemColor="groupTableViewBackgroundColor"/>
                                <prototypes>
                                    <tableViewCell clipsSubviews="YES" contentMode="scaleToFill" selectionStyle="default" indentationWidth="10" reuseIdentifier="cell" rowHeight="108" id="6jY-Sz-lpT" customClass="CustCellLiveTrainStatus" customModule="JsonDemoBackgroundMethodAllApi" customModuleProvider="target">
                                        <rect key="frame" x="0.0" y="56" width="375" height="108"/>
                                        <autoresizingMask key="autoresizingMask"/>
                                        <tableViewCellContentView key="contentView" opaque="NO" clipsSubviews="YES" multipleTouchEnabled="YES" contentMode="center" tableViewCell="6jY-Sz-lpT" id="Xlf-YP-wXA">
                                            <rect key="frame" x="0.0" y="0.0" width="375" height="107"/>
                                            <autoresizingMask key="autoresizingMask"/>
                                            <subviews>
                                                <label opaque="NO" userInteractionEnabled="NO" contentMode="left" horizontalHuggingPriority="251" verticalHuggingPriority="251" fixedFrame="YES" text="Station Name :" textAlignment="natural" lineBreakMode="tailTruncation" baselineAdjustment="alignBaselines" adjustsFontSizeToFit="NO" translatesAutoresizingMaskIntoConstraints="NO" id="9Xe-lI-lEv">
                                                    <rect key="frame" x="8" y="14" width="123" height="22"/>
                                                    <autoresizingMask key="autoresizingMask" flexibleMaxX="YES" flexibleMaxY="YES"/>
                                                    <fontDescription key="fontDescription" type="system" pointSize="17"/>
                                                    <nil key="textColor"/>
                                                    <nil key="highlightedColor"/>
                                                </label>
                                                <label opaque="NO" userInteractionEnabled="NO" contentMode="left" horizontalHuggingPriority="251" verticalHuggingPriority="251" fixedFrame="YES" text="Station Name" textAlignment="natural" lineBreakMode="tailTruncation" baselineAdjustment="alignBaselines" adjustsFontSizeToFit="NO" translatesAutoresizingMaskIntoConstraints="NO" id="3sv-RK-TXp">
                                                    <rect key="frame" x="147" y="15" width="220" height="22"/>
                                                    <autoresizingMask key="autoresizingMask" flexibleMaxX="YES" flexibleMaxY="YES"/>
                                                    <fontDescription key="fontDescription" type="system" pointSize="17"/>
                                                    <nil key="textColor"/>
                                                    <nil key="highlightedColor"/>
                                                </label>
                                                <label opaque="NO" userInteractionEnabled="NO" contentMode="left" horizontalHuggingPriority="251" verticalHuggingPriority="251" fixedFrame="YES" text="Station Code :" textAlignment="natural" lineBreakMode="tailTruncation" baselineAdjustment="alignBaselines" adjustsFontSizeToFit="NO" translatesAutoresizingMaskIntoConstraints="NO" id="S6h-IP-KHU">
                                                    <rect key="frame" x="8" y="44" width="123" height="22"/>
                                                    <autoresizingMask key="autoresizingMask" flexibleMaxX="YES" flexibleMaxY="YES"/>
                                                    <fontDescription key="fontDescription" type="system" pointSize="17"/>
                                                    <nil key="textColor"/>
                                                    <nil key="highlightedColor"/>
                                                </label>
                                                <label opaque="NO" userInteractionEnabled="NO" contentMode="left" horizontalHuggingPriority="251" verticalHuggingPriority="251" fixedFrame="YES" text="code" textAlignment="natural" lineBreakMode="tailTruncation" baselineAdjustment="alignBaselines" adjustsFontSizeToFit="NO" translatesAutoresizingMaskIntoConstraints="NO" id="8d4-mU-S03">
                                                    <rect key="frame" x="147" y="45" width="220" height="22"/>
                                                    <autoresizingMask key="autoresizingMask" flexibleMaxX="YES" flexibleMaxY="YES"/>
                                                    <fontDescription key="fontDescription" type="system" pointSize="17"/>
                                                    <nil key="textColor"/>
                                                    <nil key="highlightedColor"/>
                                                </label>
                                                <label opaque="NO" userInteractionEnabled="NO" contentMode="left" horizontalHuggingPriority="251" verticalHuggingPriority="251" fixedFrame="YES" text="Status :" textAlignment="natural" lineBreakMode="tailTruncation" baselineAdjustment="alignBaselines" adjustsFontSizeToFit="NO" translatesAutoresizingMaskIntoConstraints="NO" id="oD5-sh-Th8">
                                                    <rect key="frame" x="8" y="74" width="123" height="22"/>
                                                    <autoresizingMask key="autoresizingMask" flexibleMaxX="YES" flexibleMaxY="YES"/>
                                                    <fontDescription key="fontDescription" type="system" pointSize="17"/>
                                                    <nil key="textColor"/>
                                                    <nil key="highlightedColor"/>
                                                </label>
                                                <label opaque="NO" userInteractionEnabled="NO" contentMode="left" horizontalHuggingPriority="251" verticalHuggingPriority="251" fixedFrame="YES" text="status" textAlignment="natural" lineBreakMode="tailTruncation" baselineAdjustment="alignBaselines" adjustsFontSizeToFit="NO" translatesAutoresizingMaskIntoConstraints="NO" id="sPa-ZE-p5b">
                                                    <rect key="frame" x="147" y="75" width="220" height="22"/>
                                                    <autoresizingMask key="autoresizingMask" flexibleMaxX="YES" flexibleMaxY="YES"/>
                                                    <fontDescription key="fontDescription" type="system" pointSize="17"/>
                                                    <nil key="textColor"/>
                                                    <nil key="highlightedColor"/>
                                                </label>
                                            </subviews>
                                        </tableViewCellContentView>
                                        <connections>
                                            <outlet property="lblstatus" destination="sPa-ZE-p5b" id="xle-a1-Ycw"/>
                                            <outlet property="lblstcode" destination="8d4-mU-S03" id="1xi-fn-Jhv"/>
                                            <outlet property="lblstname" destination="3sv-RK-TXp" id="jkN-xB-nwL"/>
                                        </connections>
                                    </tableViewCell>
                                </prototypes>
                                <connections>
                                    <outlet property="dataSource" destination="HfK-68-eti" id="aOu-vW-BqJ"/>
                                    <outlet property="delegate" destination="HfK-68-eti" id="e9b-Sz-9gr"/>
                                </connections>
                            </tableView>
                            <textField opaque="NO" clipsSubviews="YES" contentMode="scaleToFill" fixedFrame="YES" contentHorizontalAlignment="left" contentVerticalAlignment="center" borderStyle="roundedRect" placeholder="Select Train" textAlignment="natural" minimumFontSize="17" translatesAutoresizingMaskIntoConstraints="NO" id="XS1-LE-oxt">
                                <rect key="frame" x="77" y="37" width="220" height="30"/>
                                <autoresizingMask key="autoresizingMask" flexibleMaxX="YES" flexibleMaxY="YES"/>
                                <nil key="textColor"/>
                                <fontDescription key="fontDescription" type="system" pointSize="17"/>
                                <textInputTraits key="textInputTraits"/>
                                <connections>
                                    <action selector="txtSelectAction:" destination="HfK-68-eti" eventType="touchDown" id="grK-B2-Wbe"/>
                                    <outlet property="delegate" destination="HfK-68-eti" id="Tbt-FK-X4y"/>
                                </connections>
                            </textField>
                            <button opaque="NO" contentMode="scaleToFill" fixedFrame="YES" contentHorizontalAlignment="center" contentVerticalAlignment="center" buttonType="roundedRect" lineBreakMode="middleTruncation" translatesAutoresizingMaskIntoConstraints="NO" id="YDu-yA-qgd">
                                <rect key="frame" x="150" y="85" width="74" height="29"/>
                                <autoresizingMask key="autoresizingMask" flexibleMaxX="YES" flexibleMaxY="YES"/>
                                <fontDescription key="fontDescription" type="system" pointSize="17"/>
                                <state key="normal" title="Search"/>
                                <connections>
                                    <action selector="SearchAction:" destination="HfK-68-eti" eventType="touchUpInside" id="g55-tV-5dg"/>
                                </connections>
                            </button>
                            <pickerView contentMode="scaleToFill" fixedFrame="YES" translatesAutoresizingMaskIntoConstraints="NO" id="maN-if-gj0">
                                <rect key="frame" x="0.0" y="0.0" width="375" height="143"/>
                                <autoresizingMask key="autoresizingMask" widthSizable="YES" flexibleMaxY="YES"/>
                                <connections>
                                    <outlet property="dataSource" destination="HfK-68-eti" id="SuU-6d-BvZ"/>
                                    <outlet property="delegate" destination="HfK-68-eti" id="jr5-OE-Q98"/>
                                </connections>
                            </pickerView>
                        </subviews>
                        <color key="backgroundColor" white="1" alpha="1" colorSpace="calibratedWhite"/>
                    </view>
                    <connections>
                        <outlet property="lblStCode" destination="qxG-zw-sty" id="3fI-hY-Fnw"/>
                        <outlet property="lblStName" destination="jvq-9I-Y6J" id="2k7-e7-UGp"/>
                        <outlet property="picker" destination="maN-if-gj0" id="EyU-1a-72X"/>
                        <outlet property="tblLiveTrainStatus" destination="pZv-tz-7qa" id="gms-bQ-QuW"/>
                        <outlet property="txtSelectTrain" destination="XS1-LE-oxt" id="Lao-rp-njl"/>
                    </connections>
                </viewController>
                <placeholder placeholderIdentifier="IBFirstResponder" id="O0V-gM-XN5" userLabel="First Responder" sceneMemberID="firstResponder"/>
            </objects>
            <point key="canvasLocation" x="1357.5999999999999" y="-570.76461769115451"/>
        </scene>
        <!--Navigation Controller-->
        <scene sceneID="HnM-3u-wA3">
            <objects>
                <navigationController automaticallyAdjustsScrollViewInsets="NO" id="MeZ-zG-BRI" sceneMemberID="viewController">
                    <toolbarItems/>
                    <navigationBar key="navigationBar" contentMode="scaleToFill" id="o98-RT-FDk">
                        <rect key="frame" x="0.0" y="0.0" width="375" height="44"/>
                        <autoresizingMask key="autoresizingMask"/>
                    </navigationBar>
                    <nil name="viewControllers"/>
                    <connections>
                        <segue destination="BYZ-38-t0r" kind="relationship" relationship="rootViewController" id="HeU-7g-rb4"/>
                    </connections>
                </navigationController>
                <placeholder placeholderIdentifier="IBFirstResponder" id="xV6-RQ-yPe" userLabel="First Responder" sceneMemberID="firstResponder"/>
            </objects>
            <point key="canvasLocation" x="-98.400000000000006" y="-560.86956521739137"/>
        </scene>
    </scenes>
</document>
