<?xml version="1.0" encoding="UTF-8" standalone="no"?>
<document type="com.apple.InterfaceBuilder3.CocoaTouch.Storyboard.XIB" version="3.0" toolsVersion="11762" systemVersion="15G31" targetRuntime="iOS.CocoaTouch" propertyAccessControl="none" useAutolayout="YES" useTraitCollections="YES" colorMatched="YES" initialViewController="BYZ-38-t0r">
    <device id="retina4_7" orientation="portrait">
        <adaptation id="fullscreen"/>
    </device>
    <dependencies>
        <deployment identifier="iOS"/>
        <plugIn identifier="com.apple.InterfaceBuilder.IBCocoaTouchPlugin" version="11757"/>
        <capability name="documents saved in the Xcode 8 format" minToolsVersion="8.0"/>
    </dependencies>
    <scenes>
        <!--View Controller-->
        <scene sceneID="tne-QT-ifu">
            <objects>
                <viewController id="BYZ-38-t0r" customClass="ViewController" customModule="pickerviewdemo" customModuleProvider="target" sceneMemberID="viewController">
                    <layoutGuides>
                        <viewControllerLayoutGuide type="top" id="y3c-jy-aDJ"/>
                        <viewControllerLayoutGuide type="bottom" id="wfy-db-euE"/>
                    </layoutGuides>
                    <view key="view" contentMode="scaleToFill" id="8bC-Xf-vdC">
                        <rect key="frame" x="0.0" y="0.0" width="375" height="667"/>
                        <autoresizingMask key="autoresizingMask" widthSizable="YES" heightSizable="YES"/>
                        <subviews>
                            <pickerView contentMode="scaleToFill" fixedFrame="YES" translatesAutoresizingMaskIntoConstraints="NO" id="O6r-3Q-A8Y">
                                <rect key="frame" x="0.0" y="124" width="375" height="216"/>
                                <autoresizingMask key="autoresizingMask" widthSizable="YES" flexibleMaxY="YES"/>
                                <connections>
                                    <outlet property="dataSource" destination="BYZ-38-t0r" id="JZY-ch-fBj"/>
                                    <outlet property="delegate" destination="BYZ-38-t0r" id="Ldw-MG-DQ0"/>
                                </connections>
                            </pickerView>
                            <textField opaque="NO" clipsSubviews="YES" contentMode="scaleToFill" fixedFrame="YES" contentHorizontalAlignment="left" contentVerticalAlignment="center" borderStyle="roundedRect" textAlignment="natural" minimumFontSize="17" translatesAutoresizingMaskIntoConstraints="NO" id="xtn-Xh-Y0v">
                                <rect key="frame" x="32" y="40" width="97" height="30"/>
                                <autoresizingMask key="autoresizingMask" flexibleMaxX="YES" flexibleMaxY="YES"/>
                                <nil key="textColor"/>
                                <fontDescription key="fontDescription" type="system" pointSize="14"/>
                                <textInputTraits key="textInputTraits"/>
                            </textField>
                            <textField opaque="NO" clipsSubviews="YES" contentMode="scaleToFill" fixedFrame="YES" contentHorizontalAlignment="left" contentVerticalAlignment="center" borderStyle="roundedRect" textAlignment="natural" minimumFontSize="17" translatesAutoresizingMaskIntoConstraints="NO" id="v5Y-Y0-6S3">
                                <rect key="frame" x="233" y="40" width="97" height="30"/>
                                <autoresizingMask key="autoresizingMask" flexibleMaxX="YES" flexibleMaxY="YES"/>
                                <nil key="textColor"/>
                                <fontDescription key="fontDescription" type="system" pointSize="14"/>
                                <textInputTraits key="textInputTraits"/>
                            </textField>
                        </subviews>
                        <color key="backgroundColor" red="1" green="1" blue="1" alpha="1" colorSpace="custom" customColorSpace="sRGB"/>
                    </view>
                    <connections>
                        <outlet property="txt1" destination="xtn-Xh-Y0v" id="IcN-hY-TAR"/>
                        <outlet property="txt2" destination="v5Y-Y0-6S3" id="zmR-oW-bRs"/>
                    </connections>
                </viewController>
                <placeholder placeholderIdentifier="IBFirstResponder" id="dkx-z0-nzr" sceneMemberID="firstResponder"/>
            </objects>
            <point key="canvasLocation" x="20" y="-6"/>
        </scene>
    </scenes>
</document>
