<?xml version="1.0" encoding="UTF-8" standalone="no"?>
<document type="com.apple.InterfaceBuilder3.CocoaTouch.Storyboard.XIB" version="3.0" toolsVersion="11762" systemVersion="15G31" targetRuntime="iOS.CocoaTouch" propertyAccessControl="none" useAutolayout="YES" useTraitCollections="YES" colorMatched="YES" initialViewController="BYZ-38-t0r">
    <device id="retina4_7" orientation="portrait">
        <adaptation id="fullscreen"/>
    </device>
    <dependencies>
        <deployment identifier="iOS"/>
        <plugIn identifier="com.apple.InterfaceBuilder.IBCocoaTouchPlugin" version="11757"/>
        <capability name="documents saved in the Xcode 8 format" minToolsVersion="8.0"/>
    </dependencies>
    <scenes>
        <!--View Controller-->
        <scene sceneID="tne-QT-ifu">
            <objects>
                <viewController id="BYZ-38-t0r" customClass="ViewController" customModule="TextFieldvalidationDemo" customModuleProvider="target" sceneMemberID="viewController">
                    <layoutGuides>
                        <viewControllerLayoutGuide type="top" id="y3c-jy-aDJ"/>
                        <viewControllerLayoutGuide type="bottom" id="wfy-db-euE"/>
                    </layoutGuides>
                    <view key="view" contentMode="scaleToFill" id="8bC-Xf-vdC">
                        <rect key="frame" x="0.0" y="0.0" width="375" height="667"/>
                        <autoresizingMask key="autoresizingMask" widthSizable="YES" heightSizable="YES"/>
                        <subviews>
                            <textField opaque="NO" clipsSubviews="YES" contentMode="scaleToFill" fixedFrame="YES" contentHorizontalAlignment="left" contentVerticalAlignment="center" borderStyle="roundedRect" placeholder="Enter Username :" textAlignment="natural" minimumFontSize="17" translatesAutoresizingMaskIntoConstraints="NO" id="CO3-OV-gas" customClass="TextFieldValidator">
                                <rect key="frame" x="90" y="89" width="193" height="30"/>
                                <autoresizingMask key="autoresizingMask" flexibleMaxX="YES" flexibleMaxY="YES"/>
                                <nil key="textColor"/>
                                <fontDescription key="fontDescription" type="system" pointSize="14"/>
                                <textInputTraits key="textInputTraits"/>
                                <connections>
                                    <outlet property="delegate" destination="BYZ-38-t0r" id="wqn-3a-iWe"/>
                                </connections>
                            </textField>
                            <textField opaque="NO" clipsSubviews="YES" contentMode="scaleToFill" fixedFrame="YES" contentHorizontalAlignment="left" contentVerticalAlignment="center" borderStyle="roundedRect" placeholder="Enter Password :" textAlignment="natural" minimumFontSize="17" translatesAutoresizingMaskIntoConstraints="NO" id="ibz-hM-HBE" customClass="TextFieldValidator">
                                <rect key="frame" x="90" y="141" width="193" height="30"/>
                                <autoresizingMask key="autoresizingMask" flexibleMaxX="YES" flexibleMaxY="YES"/>
                                <nil key="textColor"/>
                                <fontDescription key="fontDescription" type="system" pointSize="14"/>
                                <textInputTraits key="textInputTraits"/>
                                <connections>
                                    <outlet property="delegate" destination="BYZ-38-t0r" id="fVB-hl-YLH"/>
                                </connections>
                            </textField>
                            <textField opaque="NO" clipsSubviews="YES" contentMode="scaleToFill" fixedFrame="YES" contentHorizontalAlignment="left" contentVerticalAlignment="center" borderStyle="roundedRect" placeholder="Enter Email :" textAlignment="natural" minimumFontSize="17" translatesAutoresizingMaskIntoConstraints="NO" id="0xm-dt-e9z" customClass="TextFieldValidator">
                                <rect key="frame" x="90" y="190" width="193" height="30"/>
                                <autoresizingMask key="autoresizingMask" flexibleMaxX="YES" flexibleMaxY="YES"/>
                                <nil key="textColor"/>
                                <fontDescription key="fontDescription" type="system" pointSize="14"/>
                                <textInputTraits key="textInputTraits"/>
                                <connections>
                                    <outlet property="delegate" destination="BYZ-38-t0r" id="SNp-sy-pfa"/>
                                </connections>
                            </textField>
                            <textField opaque="NO" clipsSubviews="YES" contentMode="scaleToFill" fixedFrame="YES" contentHorizontalAlignment="left" contentVerticalAlignment="center" borderStyle="roundedRect" placeholder="Enter Mobile No :" textAlignment="natural" minimumFontSize="17" translatesAutoresizingMaskIntoConstraints="NO" id="iBJ-xc-kN0">
                                <rect key="frame" x="90" y="237" width="193" height="30"/>
                                <autoresizingMask key="autoresizingMask" flexibleMaxX="YES" flexibleMaxY="YES"/>
                                <nil key="textColor"/>
                                <fontDescription key="fontDescription" type="system" pointSize="14"/>
                                <textInputTraits key="textInputTraits"/>
                                <connections>
                                    <outlet property="delegate" destination="BYZ-38-t0r" id="r7b-cq-c4P"/>
                                </connections>
                            </textField>
                        </subviews>
                        <color key="backgroundColor" red="1" green="1" blue="1" alpha="1" colorSpace="custom" customColorSpace="sRGB"/>
                    </view>
                    <connections>
                        <outlet property="txtemail" destination="0xm-dt-e9z" id="wVQ-4A-bpC"/>
                        <outlet property="txtpass" destination="ibz-hM-HBE" id="BAP-a1-UDJ"/>
                        <outlet property="txtphno" destination="iBJ-xc-kN0" id="yHb-oq-olJ"/>
                        <outlet property="txtuname" destination="CO3-OV-gas" id="Bfx-gc-1XM"/>
                    </connections>
                </viewController>
                <placeholder placeholderIdentifier="IBFirstResponder" id="dkx-z0-nzr" sceneMemberID="firstResponder"/>
            </objects>
            <point key="canvasLocation" x="719" y="-81"/>
        </scene>
    </scenes>
</document>
