<?xml version="1.0" encoding="UTF-8" standalone="no"?>
<document type="com.apple.InterfaceBuilder3.CocoaTouch.Storyboard.XIB" version="3.0" toolsVersion="11762" systemVersion="15G31" targetRuntime="iOS.CocoaTouch" propertyAccessControl="none" useAutolayout="YES" useTraitCollections="YES" colorMatched="YES" initialViewController="BYZ-38-t0r">
    <device id="retina4_7" orientation="portrait">
        <adaptation id="fullscreen"/>
    </device>
    <dependencies>
        <deployment identifier="iOS"/>
        <plugIn identifier="com.apple.InterfaceBuilder.IBCocoaTouchPlugin" version="11757"/>
        <capability name="documents saved in the Xcode 8 format" minToolsVersion="8.0"/>
    </dependencies>
    <scenes>
        <!--View Controller-->
        <scene sceneID="tne-QT-ifu">
            <objects>
                <viewController id="BYZ-38-t0r" customClass="ViewController" customModule="assigndemo2" customModuleProvider="target" sceneMemberID="viewController">
                    <layoutGuides>
                        <viewControllerLayoutGuide type="top" id="y3c-jy-aDJ"/>
                        <viewControllerLayoutGuide type="bottom" id="wfy-db-euE"/>
                    </layoutGuides>
                    <view key="view" contentMode="scaleToFill" id="8bC-Xf-vdC">
                        <rect key="frame" x="0.0" y="0.0" width="375" height="667"/>
                        <autoresizingMask key="autoresizingMask" widthSizable="YES" heightSizable="YES"/>
                        <subviews>
                            <textField opaque="NO" clipsSubviews="YES" contentMode="scaleToFill" fixedFrame="YES" contentHorizontalAlignment="left" contentVerticalAlignment="center" borderStyle="roundedRect" placeholder="Enter Price :" textAlignment="natural" minimumFontSize="17" translatesAutoresizingMaskIntoConstraints="NO" id="tIj-EM-IUd">
                                <rect key="frame" x="16" y="62" width="207" height="30"/>
                                <autoresizingMask key="autoresizingMask" flexibleMaxX="YES" flexibleMaxY="YES"/>
                                <nil key="textColor"/>
                                <fontDescription key="fontDescription" type="system" pointSize="14"/>
                                <textInputTraits key="textInputTraits"/>
                            </textField>
                            <textField opaque="NO" clipsSubviews="YES" contentMode="scaleToFill" fixedFrame="YES" contentHorizontalAlignment="left" contentVerticalAlignment="center" borderStyle="roundedRect" placeholder="Enter Period :" textAlignment="natural" minimumFontSize="17" translatesAutoresizingMaskIntoConstraints="NO" id="q8T-QH-5hB">
                                <rect key="frame" x="16" y="110" width="207" height="30"/>
                                <autoresizingMask key="autoresizingMask" flexibleMaxX="YES" flexibleMaxY="YES"/>
                                <nil key="textColor"/>
                                <fontDescription key="fontDescription" type="system" pointSize="14"/>
                                <textInputTraits key="textInputTraits"/>
                            </textField>
                            <textField opaque="NO" clipsSubviews="YES" contentMode="scaleToFill" fixedFrame="YES" contentHorizontalAlignment="left" contentVerticalAlignment="center" borderStyle="roundedRect" placeholder="Enter Rate of Interest : " textAlignment="natural" minimumFontSize="17" translatesAutoresizingMaskIntoConstraints="NO" id="RmK-Rq-Gyc">
                                <rect key="frame" x="16" y="160" width="207" height="30"/>
                                <autoresizingMask key="autoresizingMask" flexibleMaxX="YES" flexibleMaxY="YES"/>
                                <nil key="textColor"/>
                                <fontDescription key="fontDescription" type="system" pointSize="14"/>
                                <textInputTraits key="textInputTraits"/>
                            </textField>
                            <button opaque="NO" contentMode="scaleToFill" fixedFrame="YES" contentHorizontalAlignment="center" contentVerticalAlignment="center" buttonType="roundedRect" lineBreakMode="middleTruncation" translatesAutoresizingMaskIntoConstraints="NO" id="eUk-Pf-0Rt">
                                <rect key="frame" x="268" y="110" width="83" height="30"/>
                                <autoresizingMask key="autoresizingMask" flexibleMaxX="YES" flexibleMaxY="YES"/>
                                <state key="normal" title="Button"/>
                                <connections>
                                    <action selector="count:" destination="BYZ-38-t0r" eventType="touchUpInside" id="jS7-SI-qym"/>
                                </connections>
                            </button>
                            <label opaque="NO" userInteractionEnabled="NO" contentMode="left" horizontalHuggingPriority="251" verticalHuggingPriority="251" fixedFrame="YES" textAlignment="center" lineBreakMode="tailTruncation" baselineAdjustment="alignBaselines" adjustsFontSizeToFit="NO" translatesAutoresizingMaskIntoConstraints="NO" id="FEg-8S-Jn5">
                                <rect key="frame" x="73" y="20" width="183" height="21"/>
                                <autoresizingMask key="autoresizingMask" flexibleMaxX="YES" flexibleMaxY="YES"/>
                                <string key="text" base64-UTF8="YES">
EFNpbXBsZSBJbnRlcmVzdA
</string>
                                <fontDescription key="fontDescription" type="system" pointSize="17"/>
                                <nil key="textColor"/>
                                <nil key="highlightedColor"/>
                            </label>
                            <textField opaque="NO" clipsSubviews="YES" contentMode="scaleToFill" fixedFrame="YES" contentHorizontalAlignment="left" contentVerticalAlignment="center" borderStyle="roundedRect" textAlignment="natural" minimumFontSize="17" translatesAutoresizingMaskIntoConstraints="NO" id="QsF-tA-ZMe">
                                <rect key="frame" x="16" y="242" width="207" height="30"/>
                                <autoresizingMask key="autoresizingMask" flexibleMaxX="YES" flexibleMaxY="YES"/>
                                <string key="placeholder" base64-UTF8="YES">
RW50ZXIgTnVtYmVyIBA6A
</string>
                                <nil key="textColor"/>
                                <fontDescription key="fontDescription" type="system" pointSize="14"/>
                                <textInputTraits key="textInputTraits"/>
                            </textField>
                            <button opaque="NO" contentMode="scaleToFill" fixedFrame="YES" contentHorizontalAlignment="center" contentVerticalAlignment="center" buttonType="roundedRect" lineBreakMode="middleTruncation" translatesAutoresizingMaskIntoConstraints="NO" id="hT8-AI-sTO">
                                <rect key="frame" x="254" y="242" width="97" height="30"/>
                                <autoresizingMask key="autoresizingMask" flexibleMaxX="YES" flexibleMaxY="YES"/>
                                <state key="normal" title="Fibonacci"/>
                                <connections>
                                    <action selector="fib:" destination="BYZ-38-t0r" eventType="touchUpInside" id="gul-xi-bJg"/>
                                </connections>
                            </button>
                        </subviews>
                        <color key="backgroundColor" red="1" green="1" blue="1" alpha="1" colorSpace="custom" customColorSpace="sRGB"/>
                    </view>
                    <connections>
                        <outlet property="txtnumber" destination="QsF-tA-ZMe" id="f6F-l5-GYO"/>
                        <outlet property="txtperiod" destination="q8T-QH-5hB" id="Rsy-hA-eQ8"/>
                        <outlet property="txtprice" destination="tIj-EM-IUd" id="Gfc-Zw-wwW"/>
                        <outlet property="txtroi" destination="RmK-Rq-Gyc" id="EMR-pz-LlX"/>
                    </connections>
                </viewController>
                <placeholder placeholderIdentifier="IBFirstResponder" id="dkx-z0-nzr" sceneMemberID="firstResponder"/>
            </objects>
            <point key="canvasLocation" x="333.60000000000002" y="-9.4452773613193415"/>
        </scene>
    </scenes>
</document>
