<?xml version="1.0" encoding="UTF-8" standalone="no"?>
<document type="com.apple.InterfaceBuilder3.CocoaTouch.Storyboard.XIB" version="3.0" toolsVersion="11762" systemVersion="15G31" targetRuntime="iOS.CocoaTouch" propertyAccessControl="none" useAutolayout="YES" useTraitCollections="YES" colorMatched="YES" initialViewController="BYZ-38-t0r">
    <device id="retina4_7" orientation="portrait">
        <adaptation id="fullscreen"/>
    </device>
    <dependencies>
        <deployment identifier="iOS"/>
        <plugIn identifier="com.apple.InterfaceBuilder.IBCocoaTouchPlugin" version="11757"/>
        <capability name="documents saved in the Xcode 8 format" minToolsVersion="8.0"/>
    </dependencies>
    <scenes>
        <!--View Controller-->
        <scene sceneID="tne-QT-ifu">
            <objects>
                <viewController id="BYZ-38-t0r" customClass="ViewController" customModule="singleviewApp" customModuleProvider="target" sceneMemberID="viewController">
                    <layoutGuides>
                        <viewControllerLayoutGuide type="top" id="y3c-jy-aDJ"/>
                        <viewControllerLayoutGuide type="bottom" id="wfy-db-euE"/>
                    </layoutGuides>
                    <view key="view" contentMode="scaleToFill" id="8bC-Xf-vdC">
                        <rect key="frame" x="0.0" y="0.0" width="375" height="667"/>
                        <autoresizingMask key="autoresizingMask" widthSizable="YES" heightSizable="YES"/>
                        <subviews>
                            <textField opaque="NO" clipsSubviews="YES" contentMode="scaleToFill" fixedFrame="YES" contentHorizontalAlignment="left" contentVerticalAlignment="center" text="Enter Name" borderStyle="roundedRect" minimumFontSize="17" translatesAutoresizingMaskIntoConstraints="NO" id="NMh-9l-jvK">
                                <rect key="frame" x="47" y="60" width="291" height="30"/>
                                <autoresizingMask key="autoresizingMask" flexibleMaxX="YES" flexibleMaxY="YES"/>
                                <nil key="textColor"/>
                                <fontDescription key="fontDescription" type="system" pointSize="14"/>
                                <textInputTraits key="textInputTraits"/>
                                <connections>
                                    <outlet property="delegate" destination="BYZ-38-t0r" id="Wvs-gt-zQi"/>
                                </connections>
                            </textField>
                            <datePicker contentMode="scaleToFill" fixedFrame="YES" contentHorizontalAlignment="center" contentVerticalAlignment="center" datePickerMode="date" minuteInterval="1" translatesAutoresizingMaskIntoConstraints="NO" id="7sM-Yc-h1a">
                                <rect key="frame" x="56" y="182" width="282" height="157"/>
                                <autoresizingMask key="autoresizingMask" widthSizable="YES" flexibleMaxY="YES"/>
                                <date key="date" timeIntervalSinceReferenceDate="555853017.083601">
                                    <!--2018-08-13 11:36:57 +0000-->
                                </date>
                                <connections>
                                    <action selector="dtPicker:" destination="BYZ-38-t0r" eventType="valueChanged" id="WfI-Bz-bnQ"/>
                                </connections>
                            </datePicker>
                            <pickerView contentMode="scaleToFill" fixedFrame="YES" translatesAutoresizingMaskIntoConstraints="NO" id="S2V-IC-jyQ">
                                <rect key="frame" x="38" y="443" width="272" height="204"/>
                                <autoresizingMask key="autoresizingMask" widthSizable="YES" flexibleMaxY="YES"/>
                                <connections>
                                    <outlet property="dataSource" destination="BYZ-38-t0r" id="lJd-pC-pfa"/>
                                    <outlet property="delegate" destination="BYZ-38-t0r" id="xvQ-Fj-8IC"/>
                                </connections>
                            </pickerView>
                            <textField opaque="NO" clipsSubviews="YES" contentMode="scaleToFill" fixedFrame="YES" contentHorizontalAlignment="left" contentVerticalAlignment="center" text="Date" borderStyle="roundedRect" minimumFontSize="17" translatesAutoresizingMaskIntoConstraints="NO" id="J4K-7A-h1i">
                                <rect key="frame" x="47" y="121" width="291" height="30"/>
                                <autoresizingMask key="autoresizingMask" flexibleMaxX="YES" flexibleMaxY="YES"/>
                                <nil key="textColor"/>
                                <fontDescription key="fontDescription" type="system" pointSize="14"/>
                                <textInputTraits key="textInputTraits"/>
                                <connections>
                                    <action selector="txtDate:" destination="BYZ-38-t0r" eventType="touchDown" id="k88-Ex-xhL"/>
                                </connections>
                            </textField>
                            <textField opaque="NO" clipsSubviews="YES" contentMode="scaleToFill" fixedFrame="YES" contentHorizontalAlignment="left" contentVerticalAlignment="center" text="City" borderStyle="roundedRect" minimumFontSize="17" translatesAutoresizingMaskIntoConstraints="NO" id="2Pw-sQ-O3i">
                                <rect key="frame" x="28" y="370" width="310" height="30"/>
                                <autoresizingMask key="autoresizingMask" flexibleMaxX="YES" flexibleMaxY="YES"/>
                                <nil key="textColor"/>
                                <fontDescription key="fontDescription" type="system" pointSize="14"/>
                                <textInputTraits key="textInputTraits"/>
                            </textField>
                        </subviews>
                        <color key="backgroundColor" red="1" green="1" blue="1" alpha="1" colorSpace="custom" customColorSpace="sRGB"/>
                    </view>
                    <connections>
                        <outlet property="dtPicker" destination="7sM-Yc-h1a" id="sSy-gj-X71"/>
                        <outlet property="lblDate" destination="J4K-7A-h1i" id="JEJ-vl-oy1"/>
                        <outlet property="txtCity" destination="2Pw-sQ-O3i" id="JV0-t9-uQk"/>
                    </connections>
                </viewController>
                <placeholder placeholderIdentifier="IBFirstResponder" id="dkx-z0-nzr" sceneMemberID="firstResponder"/>
            </objects>
            <point key="canvasLocation" x="-98.400000000000006" y="122.78860569715144"/>
        </scene>
    </scenes>
</document>
