<?xml version="1.0" encoding="UTF-8" standalone="no"?>
<document type="com.apple.InterfaceBuilder3.CocoaTouch.Storyboard.XIB" version="3.0" toolsVersion="11762" systemVersion="15G31" targetRuntime="iOS.CocoaTouch" propertyAccessControl="none" useAutolayout="YES" useTraitCollections="YES" colorMatched="YES" initialViewController="o0e-tM-SD6">
    <device id="retina4_7" orientation="portrait">
        <adaptation id="fullscreen"/>
    </device>
    <dependencies>
        <deployment identifier="iOS"/>
        <plugIn identifier="com.apple.InterfaceBuilder.IBCocoaTouchPlugin" version="11757"/>
        <capability name="documents saved in the Xcode 8 format" minToolsVersion="8.0"/>
    </dependencies>
    <scenes>
        <!--View Controller-->
        <scene sceneID="tne-QT-ifu">
            <objects>
                <viewController id="BYZ-38-t0r" customClass="ViewController" customModule="imageview" customModuleProvider="target" sceneMemberID="viewController">
                    <layoutGuides>
                        <viewControllerLayoutGuide type="top" id="y3c-jy-aDJ"/>
                        <viewControllerLayoutGuide type="bottom" id="wfy-db-euE"/>
                    </layoutGuides>
                    <view key="view" contentMode="scaleToFill" id="8bC-Xf-vdC">
                        <rect key="frame" x="0.0" y="0.0" width="375" height="667"/>
                        <autoresizingMask key="autoresizingMask" widthSizable="YES" heightSizable="YES"/>
                        <subviews>
                            <imageView userInteractionEnabled="NO" contentMode="scaleToFill" horizontalHuggingPriority="251" verticalHuggingPriority="251" fixedFrame="YES" translatesAutoresizingMaskIntoConstraints="NO" id="Egg-So-8XV">
                                <rect key="frame" x="73" y="51" width="229" height="158"/>
                                <autoresizingMask key="autoresizingMask" flexibleMaxX="YES" flexibleMaxY="YES"/>
                            </imageView>
                            <button opaque="NO" contentMode="scaleToFill" fixedFrame="YES" contentHorizontalAlignment="center" contentVerticalAlignment="center" buttonType="roundedRect" lineBreakMode="middleTruncation" translatesAutoresizingMaskIntoConstraints="NO" id="gJZ-GJ-5mL">
                                <rect key="frame" x="151" y="280" width="72" height="43"/>
                                <autoresizingMask key="autoresizingMask" flexibleMaxX="YES" flexibleMaxY="YES"/>
                                <fontDescription key="fontDescription" type="system" pointSize="19"/>
                                <state key="normal" title="Click"/>
                                <connections>
                                    <action selector="btnclick:" destination="BYZ-38-t0r" eventType="touchUpInside" id="D3P-aN-0fc"/>
                                </connections>
                            </button>
                            <button opaque="NO" contentMode="scaleToFill" fixedFrame="YES" contentHorizontalAlignment="center" contentVerticalAlignment="center" buttonType="roundedRect" lineBreakMode="middleTruncation" translatesAutoresizingMaskIntoConstraints="NO" id="8YO-iD-bcc">
                                <rect key="frame" x="151" y="397" width="74" height="44"/>
                                <autoresizingMask key="autoresizingMask" flexibleMaxX="YES" flexibleMaxY="YES"/>
                                <fontDescription key="fontDescription" type="system" pointSize="18"/>
                                <state key="normal" title="Next"/>
                                <connections>
                                    <action selector="btnnext:" destination="BYZ-38-t0r" eventType="touchUpInside" id="zKp-Mx-gHD"/>
                                </connections>
                            </button>
                        </subviews>
                        <color key="backgroundColor" red="1" green="1" blue="1" alpha="1" colorSpace="custom" customColorSpace="sRGB"/>
                    </view>
                    <navigationItem key="navigationItem" id="w3m-HR-Swn"/>
                    <connections>
                        <outlet property="img" destination="Egg-So-8XV" id="d3x-hv-Iaa"/>
                    </connections>
                </viewController>
                <placeholder placeholderIdentifier="IBFirstResponder" id="dkx-z0-nzr" sceneMemberID="firstResponder"/>
            </objects>
            <point key="canvasLocation" x="800.79999999999995" y="122.78860569715144"/>
        </scene>
        <!--View Controller1-->
        <scene sceneID="DE8-Sh-fYM">
            <objects>
                <viewController storyboardIdentifier="next" id="Ipa-Rz-U3U" customClass="ViewController1" customModule="imageview" customModuleProvider="target" sceneMemberID="viewController">
                    <layoutGuides>
                        <viewControllerLayoutGuide type="top" id="deC-xC-3G2"/>
                        <viewControllerLayoutGuide type="bottom" id="jkt-p5-xaa"/>
                    </layoutGuides>
                    <view key="view" contentMode="scaleToFill" id="fVj-W1-rXv">
                        <rect key="frame" x="0.0" y="0.0" width="375" height="1000"/>
                        <autoresizingMask key="autoresizingMask" widthSizable="YES" heightSizable="YES"/>
                        <subviews>
                            <scrollView clipsSubviews="YES" multipleTouchEnabled="YES" contentMode="scaleToFill" fixedFrame="YES" translatesAutoresizingMaskIntoConstraints="NO" id="6Ku-zn-oE0">
                                <rect key="frame" x="0.0" y="107" width="375" height="893"/>
                                <autoresizingMask key="autoresizingMask" flexibleMaxX="YES" flexibleMaxY="YES"/>
                                <subviews>
                                    <textField opaque="NO" clipsSubviews="YES" contentMode="scaleToFill" fixedFrame="YES" contentHorizontalAlignment="left" contentVerticalAlignment="center" borderStyle="roundedRect" textAlignment="natural" minimumFontSize="17" translatesAutoresizingMaskIntoConstraints="NO" id="hcG-ni-FFy">
                                        <rect key="frame" x="139" y="927" width="97" height="30"/>
                                        <autoresizingMask key="autoresizingMask" flexibleMaxX="YES" flexibleMaxY="YES"/>
                                        <nil key="textColor"/>
                                        <fontDescription key="fontDescription" type="system" pointSize="14"/>
                                        <textInputTraits key="textInputTraits"/>
                                    </textField>
                                    <textField opaque="NO" clipsSubviews="YES" contentMode="scaleToFill" fixedFrame="YES" contentHorizontalAlignment="left" contentVerticalAlignment="center" borderStyle="roundedRect" textAlignment="natural" minimumFontSize="17" translatesAutoresizingMaskIntoConstraints="NO" id="dfy-9m-FhC">
                                        <rect key="frame" x="139" y="81" width="97" height="30"/>
                                        <autoresizingMask key="autoresizingMask" flexibleMaxX="YES" flexibleMaxY="YES"/>
                                        <nil key="textColor"/>
                                        <fontDescription key="fontDescription" type="system" pointSize="14"/>
                                        <textInputTraits key="textInputTraits"/>
                                    </textField>
                                </subviews>
                            </scrollView>
                            <button opaque="NO" contentMode="scaleToFill" fixedFrame="YES" contentHorizontalAlignment="center" contentVerticalAlignment="center" buttonType="roundedRect" lineBreakMode="middleTruncation" translatesAutoresizingMaskIntoConstraints="NO" id="iPl-Yw-uMJ">
                                <rect key="frame" x="146" y="56" width="83" height="60"/>
                                <autoresizingMask key="autoresizingMask" flexibleMaxX="YES" flexibleMaxY="YES"/>
                                <fontDescription key="fontDescription" type="system" pointSize="19"/>
                                <state key="normal" title="Back"/>
                                <connections>
                                    <action selector="btnbackaction:" destination="Ipa-Rz-U3U" eventType="touchUpInside" id="A8X-O2-JgQ"/>
                                </connections>
                            </button>
                        </subviews>
                        <color key="backgroundColor" white="1" alpha="1" colorSpace="calibratedWhite"/>
                    </view>
                    <freeformSimulatedSizeMetrics key="simulatedDestinationMetrics"/>
                    <size key="freeformSize" width="375" height="1000"/>
                    <connections>
                        <outlet property="src" destination="6Ku-zn-oE0" id="xUS-X1-Y1v"/>
                    </connections>
                </viewController>
                <placeholder placeholderIdentifier="IBFirstResponder" id="xGa-M1-bJ1" userLabel="First Responder" sceneMemberID="firstResponder"/>
            </objects>
            <point key="canvasLocation" x="1450.4000000000001" y="26.086956521739133"/>
        </scene>
        <!--Navigation Controller-->
        <scene sceneID="pm5-qT-ged">
            <objects>
                <navigationController automaticallyAdjustsScrollViewInsets="NO" id="o0e-tM-SD6" sceneMemberID="viewController">
                    <toolbarItems/>
                    <navigationBar key="navigationBar" contentMode="scaleToFill" id="ZyQ-No-yVs">
                        <rect key="frame" x="0.0" y="0.0" width="375" height="44"/>
                        <autoresizingMask key="autoresizingMask"/>
                    </navigationBar>
                    <nil name="viewControllers"/>
                    <connections>
                        <segue destination="BYZ-38-t0r" kind="relationship" relationship="rootViewController" id="Da1-Xb-I4G"/>
                    </connections>
                </navigationController>
                <placeholder placeholderIdentifier="IBFirstResponder" id="Jgz-Y9-3to" userLabel="First Responder" sceneMemberID="firstResponder"/>
            </objects>
            <point key="canvasLocation" x="117.59999999999999" y="122.78860569715144"/>
        </scene>
    </scenes>
</document>
