<?xml version="1.0" encoding="UTF-8" standalone="no"?>
<document type="com.apple.InterfaceBuilder3.CocoaTouch.Storyboard.XIB" version="3.0" toolsVersion="11762" systemVersion="15G31" targetRuntime="iOS.CocoaTouch" propertyAccessControl="none" useAutolayout="YES" useTraitCollections="YES" colorMatched="YES" initialViewController="BYZ-38-t0r">
    <device id="retina4_7" orientation="portrait">
        <adaptation id="fullscreen"/>
    </device>
    <dependencies>
        <deployment identifier="iOS"/>
        <plugIn identifier="com.apple.InterfaceBuilder.IBCocoaTouchPlugin" version="11757"/>
        <capability name="documents saved in the Xcode 8 format" minToolsVersion="8.0"/>
    </dependencies>
    <scenes>
        <!--View Controller-->
        <scene sceneID="tne-QT-ifu">
            <objects>
                <viewController id="BYZ-38-t0r" customClass="ViewController" customModule="clviewwithtbviewdemo" customModuleProvider="target" sceneMemberID="viewController">
                    <layoutGuides>
                        <viewControllerLayoutGuide type="top" id="y3c-jy-aDJ"/>
                        <viewControllerLayoutGuide type="bottom" id="wfy-db-euE"/>
                    </layoutGuides>
                    <view key="view" contentMode="scaleToFill" id="8bC-Xf-vdC">
                        <rect key="frame" x="0.0" y="0.0" width="375" height="667"/>
                        <autoresizingMask key="autoresizingMask" widthSizable="YES" heightSizable="YES"/>
                        <subviews>
                            <tableView clipsSubviews="YES" contentMode="scaleToFill" fixedFrame="YES" alwaysBounceVertical="YES" dataMode="prototypes" style="plain" separatorStyle="default" rowHeight="127" sectionHeaderHeight="28" sectionFooterHeight="28" translatesAutoresizingMaskIntoConstraints="NO" id="v24-Ld-woe">
                                <rect key="frame" x="0.0" y="28" width="375" height="639"/>
                                <autoresizingMask key="autoresizingMask" flexibleMaxX="YES" flexibleMaxY="YES"/>
                                <color key="backgroundColor" white="1" alpha="1" colorSpace="calibratedWhite"/>
                                <prototypes>
                                    <tableViewCell clipsSubviews="YES" contentMode="scaleToFill" selectionStyle="default" indentationWidth="10" reuseIdentifier="cell1" rowHeight="92" id="Ute-g3-t2J" customClass="custcell1" customModule="clviewwithtbviewdemo" customModuleProvider="target">
                                        <rect key="frame" x="0.0" y="28" width="375" height="92"/>
                                        <autoresizingMask key="autoresizingMask"/>
                                        <tableViewCellContentView key="contentView" opaque="NO" clipsSubviews="YES" multipleTouchEnabled="YES" contentMode="center" tableViewCell="Ute-g3-t2J" id="4u6-sg-LjJ">
                                            <rect key="frame" x="0.0" y="0.0" width="375" height="91"/>
                                            <autoresizingMask key="autoresizingMask"/>
                                            <subviews>
                                                <imageView userInteractionEnabled="NO" contentMode="scaleToFill" horizontalHuggingPriority="251" verticalHuggingPriority="251" fixedFrame="YES" translatesAutoresizingMaskIntoConstraints="NO" id="net-SW-0eg">
                                                    <rect key="frame" x="67" y="8" width="240" height="75"/>
                                                    <autoresizingMask key="autoresizingMask" flexibleMaxX="YES" flexibleMaxY="YES"/>
                                                </imageView>
                                            </subviews>
                                        </tableViewCellContentView>
                                        <connections>
                                            <outlet property="img1" destination="net-SW-0eg" id="Jrw-H5-t9A"/>
                                        </connections>
                                    </tableViewCell>
                                    <tableViewCell clipsSubviews="YES" contentMode="scaleToFill" selectionStyle="default" indentationWidth="10" reuseIdentifier="cell2" rowHeight="100" id="bYq-Rv-lfw" customClass="custcell2" customModule="clviewwithtbviewdemo" customModuleProvider="target">
                                        <rect key="frame" x="0.0" y="120" width="375" height="100"/>
                                        <autoresizingMask key="autoresizingMask"/>
                                        <tableViewCellContentView key="contentView" opaque="NO" clipsSubviews="YES" multipleTouchEnabled="YES" contentMode="center" tableViewCell="bYq-Rv-lfw" id="Nlr-rw-Qgs">
                                            <rect key="frame" x="0.0" y="0.0" width="375" height="99"/>
                                            <autoresizingMask key="autoresizingMask"/>
                                            <subviews>
                                                <collectionView clipsSubviews="YES" multipleTouchEnabled="YES" contentMode="scaleToFill" fixedFrame="YES" dataMode="prototypes" translatesAutoresizingMaskIntoConstraints="NO" id="RV6-6P-Nqt">
                                                    <rect key="frame" x="20" y="22" width="334" height="69"/>
                                                    <autoresizingMask key="autoresizingMask" flexibleMaxX="YES" flexibleMaxY="YES"/>
                                                    <color key="backgroundColor" white="1" alpha="1" colorSpace="calibratedWhite"/>
                                                    <collectionViewFlowLayout key="collectionViewLayout" scrollDirection="horizontal" minimumLineSpacing="10" minimumInteritemSpacing="10" id="Khk-Ju-feL">
                                                        <size key="itemSize" width="78" height="55"/>
                                                        <size key="headerReferenceSize" width="0.0" height="0.0"/>
                                                        <size key="footerReferenceSize" width="0.0" height="0.0"/>
                                                        <inset key="sectionInset" minX="0.0" minY="0.0" maxX="0.0" maxY="0.0"/>
                                                    </collectionViewFlowLayout>
                                                    <cells>
                                                        <collectionViewCell opaque="NO" clipsSubviews="YES" multipleTouchEnabled="YES" contentMode="center" reuseIdentifier="cell3" id="OhS-We-9Nc" customClass="collcustcell" customModule="clviewwithtbviewdemo" customModuleProvider="target">
                                                            <rect key="frame" x="0.0" y="7" width="78" height="55"/>
                                                            <autoresizingMask key="autoresizingMask" flexibleMaxX="YES" flexibleMaxY="YES"/>
                                                            <view key="contentView" opaque="NO" clipsSubviews="YES" multipleTouchEnabled="YES" contentMode="center">
                                                                <rect key="frame" x="0.0" y="0.0" width="78" height="55"/>
                                                                <autoresizingMask key="autoresizingMask"/>
                                                                <subviews>
                                                                    <imageView userInteractionEnabled="NO" contentMode="scaleToFill" horizontalHuggingPriority="251" verticalHuggingPriority="251" fixedFrame="YES" translatesAutoresizingMaskIntoConstraints="NO" id="h4u-dS-uzQ">
                                                                        <rect key="frame" x="13" y="4" width="53" height="47"/>
                                                                        <autoresizingMask key="autoresizingMask" flexibleMaxX="YES" flexibleMaxY="YES"/>
                                                                    </imageView>
                                                                </subviews>
                                                            </view>
                                                            <connections>
                                                                <outlet property="img2" destination="h4u-dS-uzQ" id="nrG-Pa-PQd"/>
                                                            </connections>
                                                        </collectionViewCell>
                                                    </cells>
                                                    <connections>
                                                        <outlet property="dataSource" destination="BYZ-38-t0r" id="lXt-gM-yT7"/>
                                                        <outlet property="delegate" destination="BYZ-38-t0r" id="BI9-dh-9Gy"/>
                                                    </connections>
                                                </collectionView>
                                            </subviews>
                                        </tableViewCellContentView>
                                        <connections>
                                            <outlet property="collview" destination="RV6-6P-Nqt" id="2PP-nt-D5m"/>
                                        </connections>
                                    </tableViewCell>
                                </prototypes>
                                <connections>
                                    <outlet property="dataSource" destination="BYZ-38-t0r" id="jVZ-X0-Ud0"/>
                                    <outlet property="delegate" destination="BYZ-38-t0r" id="hGo-8y-cjb"/>
                                </connections>
                            </tableView>
                        </subviews>
                        <color key="backgroundColor" red="1" green="1" blue="1" alpha="1" colorSpace="custom" customColorSpace="sRGB"/>
                    </view>
                </viewController>
                <placeholder placeholderIdentifier="IBFirstResponder" id="dkx-z0-nzr" sceneMemberID="firstResponder"/>
            </objects>
            <point key="canvasLocation" x="-26.399999999999999" y="-50.824587706146929"/>
        </scene>
    </scenes>
</document>
