<?xml version="1.0" encoding="UTF-8" standalone="yes"?>
<model type="com.apple.IDECoreDataModeler.DataModel" documentVersion="1.0" lastSavedToolsVersion="11759" systemVersion="15G31" minimumToolsVersion="Automatic" sourceLanguage="Swift" userDefinedModelVersionIdentifier="">
    <entity name="Employy" representedClassName="Employy" syncable="YES" codeGenerationType="class">
        <attribute name="emp_add" optional="YES" attributeType="String" syncable="YES"/>
        <attribute name="emp_mob" optional="YES" attributeType="String" syncable="YES"/>
        <attribute name="emp_name" optional="YES" attributeType="String" syncable="YES"/>
    </entity>
    <elements>
        <element name="Employy" positionX="-63" positionY="-18" width="128" height="90"/>
    </elements>
</model>